acc_x, acc_y, angular_z, stamp, 
-0.009149312973022461,0.004436016082763672,0.00013371152688444407,1.027610911
0.15231233835220337,0.008165180683135986,0.004385908083389144,1.078518502
0.5898246169090271,0.5375761389732361,0.08401494992741061,1.124908065
0.6647002100944519,0.32624542713165283,0.29520488654852167,1.129773059
0.3680785894393921,0.24074798822402954,0.5894382313637898,1.141830729
-0.23005074262619019,0.3933284878730774,0.7178840334972852,1.144203643
0.30795520544052124,0.17378348112106323,0.8935416796689375,1.149690805
0.1455235481262207,0.24683082103729248,0.9550665009767672,1.150462293
0.14582884311676025,0.32762467861175537,1.2569999529868467,1.175922661
0.6525107622146606,0.7529831528663635,1.2857771803509581,1.191904009
0.03649437427520752,-0.007269740104675293,1.3763116476322352,1.22223021
0.0032775402069091797,-0.6428998112678528,1.3426098683201495,1.251946741
0.04841428995132446,-0.0108298659324646,1.135203806162537,1.283233958
-0.27279871702194214,-0.2159571647644043,0.9639085502683228,1.313383891
0.10522407293319702,0.1473703384399414,0.9071663760461914,1.344692805
-0.12043267488479614,0.472445011138916,0.916551869285913,1.377096529
-0.10774511098861694,-0.10387051105499268,1.1621552667380768,1.402698679
0.5354743003845215,0.15227073431015015,1.0767593723577016,1.433449778
0.46859174966812134,0.42103469371795654,1.1885249105628573,1.461802335
0.34098362922668457,0.10772490501403809,1.320782101642584,1.491478118
0.361703097820282,-0.27227193117141724,1.4082342926049922,1.522131193
-0.29083895683288574,0.10547584295272827,1.306292092610006,1.551875066
-0.6969888210296631,0.011090874671936035,1.2120759306201812,1.585681296
-0.035707712173461914,0.4944522976875305,1.1198039268904059,1.615600565
0.0007916688919067383,0.37043774127960205,1.179817583483025,1.64204922
-0.5442018508911133,-0.6201189160346985,0.9555023174510466,1.672590399
-0.13827157020568848,-0.18200582265853882,0.9445878868780493,1.701747967
0.30366796255111694,0.6271315813064575,0.9465202512549616,1.732628637
0.02699410915374756,0.3470800518989563,0.9542010387820588,1.764829697
0.3666766881942749,-0.07897371053695679,1.0093687267089155,1.792749622
0.24888038635253906,0.272233784198761,0.997274089371226,1.8271316
0.15203434228897095,0.5408414006233215,0.9329715219791587,1.856556697
-0.2708672881126404,0.20751798152923584,1.1552087272845726,1.886925884
0.36671823263168335,-0.09672766923904419,0.9820267252179135,1.916755205
-0.22992390394210815,0.04857838153839111,0.9660319227255,1.941145122
-0.16832661628723145,0.050173282623291016,1.0195796083839277,1.971758855
0.2888132929801941,0.5279479026794434,1.0212739609956585,2.001197822
0.065235435962677,0.035479068756103516,0.9722341208034353,2.032987442
-0.2046140432357788,-0.28286808729171753,0.9552650240569855,2.063152217
-0.25891607999801636,0.093944251537323,0.9719883763563814,2.09667096
0.3248714208602905,0.3107529878616333,1.1696016501297133,2.126993046
0.41509389877319336,0.5623716115951538,1.0264163213523199,2.150887358
-0.11336302757263184,0.21261578798294067,0.9801273030113327,2.182515125
-0.010049164295196533,0.14896851778030396,0.9992511478599401,2.211097419
-0.16816866397857666,-0.018180251121520996,1.0451663492788006,2.241815308
0.03192138671875,-0.2902097702026367,1.0287142488769707,2.272998994
-0.1408337950706482,-0.2290220856666565,0.9363920226882341,2.30576011
0.24048393964767456,0.2976822257041931,0.9511250949212641,2.337911595
0.34718257188796997,0.7994673848152161,1.0697850643757238,2.36190531
-0.11713123321533203,0.5125197768211365,1.0325568421119917,2.391233927
0.3266063928604126,0.33161449432373047,1.020370393329634,2.421742893
-0.26189756393432617,0.40561604499816895,1.0492225120095866,2.450857956
0.1398337483406067,0.42132455110549927,1.077324939652431,2.481149415
-0.07324916124343872,-0.17372643947601318,1.0068253221787025,2.511654241
-0.23499274253845215,0.05699425935745239,0.9644680327553495,2.543729295
0.1898975968360901,0.08967697620391846,1.164276231782376,2.575960282
-0.17683488130569458,0.11034542322158813,1.0196551516450114,2.60166612
0.03834766149520874,-0.1721867322921753,0.9940087132719577,2.630998581
0.1071050763130188,0.05294877290725708,1.0010577857763583,2.66032544
-0.11314159631729126,-0.13373154401779175,0.9664558508536243,2.690168807
0.36705172061920166,-0.17407625913619995,0.9354104438567528,2.722110897
-0.09259718656539917,-0.23513418436050415,0.9516154283250647,2.752209937
0.42914825677871704,0.1424747109413147,0.964509118303766,2.785907227
0.26138049364089966,0.14619946479797363,1.133152294379955,2.810827025
-0.31748682260513306,-0.022333383560180664,1.0161352913168573,2.8401194
0.26416200399398804,-0.12286198139190674,1.0072459448151616,2.869978309
-0.028993189334869385,-0.004758596420288086,1.0270894614041108,2.899883128
0.34046775102615356,0.17353099584579468,1.0154740898891375,2.929672557
0.21850597858428955,0.23522990942001343,0.9952868703131151,2.960071427
-0.2849491238594055,0.5158017873764038,0.9733978446821586,2.991587323
-0.030391335487365723,0.17602694034576416,0.9813444649078636,3.023910091
-0.22265243530273438,-0.03132253885269165,1.1211802779471882,3.050469736
0.7312015295028687,0.648804783821106,1.004154257989914,3.080741951
-0.22656339406967163,-0.1170816421508789,0.9662849796022549,3.109615311
0.24858105182647705,-0.36752378940582275,0.9937678704688292,3.140079781
-0.14029866456985474,0.6091747879981995,1.0135092851971832,3.169699184
0.08882427215576172,0.2079980969429016,1.0210804122954034,3.203455679
-0.08940845727920532,0.7602511048316956,1.0192749374098418,3.233556348
0.5198603868484497,0.21103262901306152,0.9101754680011209,3.264335803
-0.2415987253189087,0.4293168783187866,1.0875182442794549,3.291272156
0.44794905185699463,0.35974806547164917,0.9952638661115654,3.319891817
-0.24521082639694214,-0.1438906192779541,0.9804338917679346,3.349561057
0.11779814958572388,-0.05539059638977051,1.0156875478360505,3.380105077
-0.16117769479751587,0.34401237964630127,1.0555248977947282,3.409975098
0.6422070264816284,0.8189088106155396,1.0475665764804425,3.440593571
0.01075524091720581,0.11640268564224243,0.9589696074493447,3.472119679
-0.3095674514770508,0.3974168300628662,0.9618288306951993,3.503807608
0.22106677293777466,-0.35585707426071167,1.180642811917329,3.537020955
-0.24585646390914917,0.3014591932296753,1.0069078756487557,3.566763611
0.4077720642089844,1.0887922048568726,1.0258953372666388,3.589142271
-0.33189523220062256,-0.06782591342926025,0.9874501173128543,3.619655563
0.06713646650314331,0.04334336519241333,0.9990327380708354,3.656804443
0.2577512264251709,0.5001140832901001,0.979036917556325,3.685441031
-0.457660436630249,0.22833526134490967,0.9345631712022732,3.712740255
0.13439971208572388,0.688214898109436,0.9565751313350033,3.744553895
-0.3416481614112854,-0.04465377330780029,1.0612071234845337,3.769768596
-0.24214589595794678,0.06027019023895264,0.9651813907334353,3.799660226
0.5338264107704163,0.6499320864677429,0.9706127152813346,3.828692173
-0.3132375478744507,0.17735189199447632,0.8646920152036411,3.859537527
0.20815837383270264,0.552865743637085,0.9198853722032726,3.888528272
-0.2265305519104004,-0.08206462860107422,0.9722593038162345,3.921535259
-0.059139907360076904,0.08092427253723145,0.8775773676889826,3.951796499
0.044897377490997314,0.272786021232605,0.9179477982936,3.985355034
0.2804574966430664,0.5200303792953491,1.0290836916033312,4.009381043
-0.540622889995575,0.6145881414413452,0.8951128205672274,4.039687711
-0.14924520254135132,-0.1053510308265686,0.9403050728986273,4.068324283
0.6732499599456787,-0.052256226539611816,0.9026549910347853,4.09931287
-0.26032280921936035,0.5258890390396118,0.8820523743883949,4.129227522
0.000781714916229248,0.45080363750457764,0.8548075231369004,4.160661549
-0.09159356355667114,-0.05525022745132446,0.8239330240290775,4.192440838
-0.0004202127456665039,0.16682255268096924,0.9116080233028174,4.225668302
-0.35855770111083984,0.09718966484069824,0.9238857265949807,4.2596685
-0.4225282073020935,0.02932363748550415,0.8576545729656726,4.290405719
0.2987346649169922,0.6981210112571716,0.8344503246296131,4.322314087
-0.4194493293762207,0.062356770038604736,0.8220993613960895,4.358394465
-0.11079484224319458,0.35675251483917236,0.9402867159811309,4.384958745
0.21183598041534424,-0.05853748321533203,0.8594214215787315,4.408231159
-0.042760491371154785,-0.1957920789718628,0.832288262760309,4.438594758
-0.11391079425811768,0.765275776386261,0.8513039856677688,4.475126242
0.3183155655860901,0.5609120726585388,0.8635040085775348,4.498778098
-0.11654126644134521,-0.2319888472557068,0.8610658476013613,4.528312202
-0.3956642150878906,0.15590637922286987,0.8379482357758969,4.560535881
-0.0498424768447876,0.4961838722229004,0.8425421692634798,4.591665881
-0.02381265163421631,0.1739048957824707,0.9342064690022729,4.624500596
0.15290629863739014,0.09415006637573242,0.8327643827137529,4.655313586
-0.4123278260231018,0.19308137893676758,0.8071061226645793,4.67867928
0.33215558528900146,0.3211476802825928,0.8154245121791794,4.70788628
0.1929931640625,0.20954108238220215,0.7678514445745125,4.73876218
-0.05284029245376587,0.14951491355895996,0.7697520385110597,4.769062858
-0.1772664189338684,0.24896377325057983,0.7675505279812621,4.801297561
0.20900499820709229,0.023041188716888428,0.733371425505983,4.833572098
0.07080727815628052,0.21819162368774414,0.8512252521370685,4.862766416
-0.30570435523986816,0.717119574546814,0.7685548330465479,4.887314931
-0.005881369113922119,0.4440577030181885,0.7931978867000646,4.918294609
-0.13145065307617188,-0.4410235285758972,0.7935471049778359,4.946999972
0.1594507098197937,0.313521146774292,0.769995339957099,4.978239213
-0.212321937084198,0.2728661894798279,0.7493542211455944,5.007705711
-0.3607960343360901,0.31635355949401855,0.7123817136148677,5.040435428
0.8235828280448914,0.44706612825393677,0.7352379470835779,5.072035267
-0.40764331817626953,0.009397685527801514,0.8135198723748925,5.102642025
-0.2166200876235962,0.03155559301376343,0.7270838001855917,5.126622424
-0.013552546501159668,0.5595162510871887,0.746803916636971,5.156997854
0.19931387901306152,0.06337082386016846,0.7667678269375822,5.18701273
0.2295343279838562,0.17692941427230835,0.7383521511062534,5.217240129
-0.26356571912765503,0.5124041438102722,0.7164908771998764,5.24865117
-0.35620445013046265,-0.03418046236038208,0.6928078291825375,5.282486301
0.21231704950332642,0.5535855889320374,0.745198409344982,5.312809048
-0.07856696844100952,0.056503474712371826,0.8271930263892332,5.342492845
0.03895866870880127,-0.02408808469772339,0.7296697834195153,5.367009224
-0.25964343547821045,0.5279602408409119,0.755756184488874,5.39685848
-0.276694118976593,0.5293825268745422,0.7145257712581166,5.426312906
0.14202243089675903,-8.910894393920898e-05,0.7583936767248013,5.456657481
0.6326882839202881,-0.17648100852966309,0.728259252115416,5.487959311
-0.4265347123146057,0.21945112943649292,0.6696359645313005,5.522329494
0.13633185625076294,0.7637939453125,0.7600817583775327,5.54700577
-0.24945759773254395,0.19370388984680176,0.6949747756890965,5.577700239
0.19447147846221924,0.15976226329803467,0.732489250395356,5.606597037
0.2124694585800171,-0.07813996076583862,0.6821527135285202,5.636761133
-0.7959639430046082,-0.18149656057357788,0.7136491722155631,5.666086251
0.2750589847564697,0.7356787919998169,0.7198101565947456,5.707741348
-0.38499921560287476,0.10504418611526489,0.7138102730082063,5.72891863
-0.12298566102981567,-0.3635639548301697,0.5951744966531268,5.761304439
0.4676738977432251,0.27663934230804443,0.703369192873831,5.79640779
-0.35382503271102905,0.17351847887039185,0.6368731869582728,5.817352131
0.33442097902297974,0.7424211502075195,0.653367941312232,5.847584724
-0.4772975444793701,0.14943808317184448,0.6911229443000386,5.876445301
0.5355004072189331,-0.35111671686172485,0.6812861897477981,5.906295512
-0.0286828875541687,0.2864013910293579,0.6800461461040164,5.937496245
0.1819068193435669,0.36820119619369507,0.6396400756924949,5.967818142
-0.4881954789161682,0.5765823721885681,0.5919555558017895,6.000835044
-0.11675387620925903,0.012978792190551758,0.7287677114904177,6.02652362
0.5309160351753235,0.12388473749160767,0.6530055061585683,6.056186189
-0.24786317348480225,0.370181679725647,0.661298401818142,6.085842962
0.19299477338790894,0.1916397213935852,0.6904654324961965,6.116586622
-0.33361029624938965,-0.06280702352523804,0.6491416928774344,6.145426252
0.09136468172073364,0.48224031925201416,0.6714445163756411,6.180241461
0.46365928649902344,0.32395994663238525,0.6632712264648446,6.208363036
0.3398289680480957,0.27166056632995605,0.5801974847394459,6.24174859
-0.4293343424797058,0.0391809344291687,0.7082986731054995,6.266816908
-0.12692409753799438,-0.5234729647636414,0.6321506383417487,6.295673043
0.20316708087921143,0.5470090508460999,0.636612626095036,6.325617047
0.056468963623046875,0.9629591107368469,0.6579555018361449,6.355560367
0.16931211948394775,0.7002683281898499,0.6116239868891251,6.384930528
-0.38769644498825073,-0.7687215805053711,0.6487868047887185,6.416068412
0.14215034246444702,-0.03351491689682007,0.6208064405682754,6.447968458
-0.14344322681427002,0.3497551679611206,0.6058790719152928,6.480252397
-0.25941741466522217,0.06116825342178345,0.743324562925571,6.505443258
0.37694215774536133,0.028901517391204834,0.6453812882485135,6.537161566
0.020575881004333496,1.0014519691467285,0.6280857393130505,6.566041532
-0.26171010732650757,0.34944069385528564,0.5888383026776696,6.595176003
0.1536899209022522,-0.06565898656845093,0.5522394071159047,6.626443582
-0.4208170771598816,-0.29246312379837036,0.6052574521211939,6.656318964
0.7212923169136047,0.15676963329315186,0.5894702128011621,6.688972925
-0.21871381998062134,0.655578076839447,0.5758250755446471,6.725944619
-0.16476619243621826,0.06107497215270996,0.6446771473721968,6.746133267
0.28265702724456787,0.14288783073425293,0.5799428553422578,6.774855204
-0.06683802604675293,0.24693655967712402,0.5463831884241764,6.805180246
0.22148257493972778,0.4490087032318115,0.5526709261141926,6.835845916
-0.08538341522216797,0.33264774084091187,0.5782183638498277,6.864913221
-0.2903391718864441,-0.20184117555618286,0.5701785785291685,6.895755951
-0.003968477249145508,-0.005483388900756836,0.5369833783741199,6.92792498
-0.008537769317626953,0.03638201951980591,0.6187107591543417,6.955361457
0.07680529356002808,0.2561388611793518,0.5796521779656558,6.985749888
-0.10346865653991699,1.3777204751968384,0.5983990019885184,7.014651679
-0.009043872356414795,0.021336734294891357,0.5717500245183411,7.044557942
0.15530139207839966,-0.3750545382499695,0.5490214177685174,7.074657138
-0.43199533224105835,-0.21259820461273193,0.5290463656311003,7.104923254
0.3200746774673462,-0.018941283226013184,0.5710046998665118,7.138507638
-0.501680850982666,1.0144144296646118,0.5375653085578564,7.169011328
0.35217350721359253,0.06556731462478638,0.6145282843213719,7.200774689
-0.6005176305770874,-0.045662760734558105,0.5545155896886964,7.225616586
0.4639950394630432,0.6470428705215454,0.5792999460620595,7.253918029
-0.21377229690551758,0.42765623331069946,0.5588290283345965,7.2842011
-0.5106157660484314,-0.08470582962036133,0.5402555584291809,7.31468377
0.217540442943573,-0.5530412197113037,0.577286688580688,7.344330645
-0.39044302701950073,0.11278301477432251,0.6022233383769131,7.375983461
0.5227187871932983,0.6037371754646301,0.5361113445400122,7.407770851
-0.4341784715652466,0.570244550704956,0.6185015521407756,7.440071983
0.28202736377716064,0.34433871507644653,0.595041356479108,7.463852943
-0.37574905157089233,0.10116982460021973,0.6083686056963641,7.494177884
0.40390968322753906,0.12315696477890015,0.5629132974480919,7.524564515
0.042959749698638916,0.41075044870376587,0.5467299852047904,7.553916704
0.03119027614593506,-0.26787418127059937,0.5492056291129115,7.585778211
0.03596562147140503,-0.1385396122932434,0.5460955342222158,7.617257796
-0.34082913398742676,0.3067340850830078,0.48565652586208063,7.648564417
0.3793511986732483,-0.09058523178100586,0.5764833173180872,7.67525613
-0.187696635723114,0.4648081064224243,0.5182594169636312,7.703937377
0.21270650625228882,0.4638028144836426,0.5192231545014775,7.734677661
-0.3389188051223755,0.49988067150115967,0.5170236778074192,7.763540974
0.5242058038711548,0.3408684730529785,0.5209072468440653,7.79363018
-0.033369362354278564,0.21861964464187622,0.516827939544078,7.825630924
-0.2387470006942749,0.4892367124557495,0.4587156173848323,7.855844125
0.22810328006744385,-0.04024064540863037,0.45927304731075436,7.887816867
0.03248792886734009,0.1461314558982849,0.5806372164142377,7.928641464
0.19080740213394165,0.7506025433540344,0.531230169777475,7.943674736
-0.6256399154663086,-0.5336906909942627,0.5471705403406126,7.973970826
0.5445370078086853,-0.42255091667175293,0.5242847610698966,8.003408023
-0.4556174874305725,0.42866629362106323,0.5767622528338673,8.038128825
-0.024105191230773926,0.6946156024932861,0.5095076569385457,8.064800909
0.10755002498626709,0.08705097436904907,0.4622402201197676,8.096921595
-0.569843053817749,0.10032874345779419,0.46349668448958564,8.129243863
0.7879155874252319,0.41545814275741577,0.5570272056325624,8.153940962
-0.06214350461959839,0.6846780776977539,0.4823439226567064,8.183926851
0.10740011930465698,0.06992745399475098,0.5010422691113382,8.213572853
0.13347643613815308,-0.16419720649719238,0.5081828379066257,8.242934505
0.07327836751937866,-0.10598742961883545,0.5185396467733726,8.280020226
-0.13062340021133423,-0.0609281063079834,0.5152906778032093,8.30428745
0.21944540739059448,0.1407560110092163,0.47856056061472496,8.33744824
-0.03504681587219238,0.29790693521499634,0.48346775880296716,8.367197351
-0.4012254476547241,0.4862363338470459,0.5529936882367072,8.393550255
0.1104898452758789,0.023348093032836914,0.4734634377570373,8.42277371
-0.06439352035522461,0.07877230644226074,0.4718558287923485,8.452713346
0.7532738447189331,1.321337103843689,0.5172717868844481,8.483859534
-0.4380236864089966,0.19969332218170166,0.4710977040238741,8.513525086
0.050958096981048584,-0.3055604100227356,0.4755656408094269,8.544800559
0.35788094997406006,0.000985562801361084,0.46195328745471925,8.577173066
-0.2853529453277588,0.35947972536087036,0.4760990041377479,8.608569175
-0.16818755865097046,0.34622663259506226,0.4863509214613579,8.640055744
-0.10108566284179688,-0.46026891469955444,0.4570692856127899,8.662777058
-0.3923869729042053,-0.3745075464248657,0.4804985218750967,8.692337974
-0.11091232299804688,0.7437331080436707,0.49408516144854475,8.723036152
-0.135142982006073,0.12128067016601562,0.48235736591595546,8.752603899
-0.26762479543685913,0.24883562326431274,0.47791268874944354,8.784674659
-0.20671331882476807,0.13555461168289185,0.45524777489213597,8.816471422
-0.1301320195198059,0.33899348974227905,0.5591889242487408,8.843101378
0.32711732387542725,0.446976900100708,0.4570562084701406,8.879671509
0.3743703365325928,0.6185287833213806,0.4715837074683311,8.903253068
-0.034271955490112305,0.42837703227996826,0.46820645985701986,8.933412152
-0.11050546169281006,0.7239050269126892,0.4750179210937446,8.962064922
0.28755027055740356,0.1832420825958252,0.47514512286881594,8.992829464
-0.21194422245025635,0.5608429312705994,0.4729206756744483,9.026548588
0.5930713415145874,0.35010844469070435,0.4528267819182035,9.05641682
-0.32791608572006226,-0.545098602771759,0.5208883817503773,9.088045978
0.10603034496307373,0.6915507912635803,0.5057456262069571,9.112011579
-0.10324263572692871,0.2088940143585205,0.49492726568214906,9.141748001
-0.14941853284835815,-0.6740086674690247,0.45059783145354615,9.173463557
0.26902419328689575,-0.2919197678565979,0.43193863770835084,9.202910567
-0.04165816307067871,0.39502471685409546,0.4101848578945031,9.234655032
-0.014051616191864014,0.12842613458633423,0.3965336330409635,9.264850979
-0.44153034687042236,-0.054014384746551514,0.43112643658112304,9.29575543
-0.22853940725326538,0.2643713355064392,0.5249104861926773,9.328027213
-0.1391926407814026,0.08048325777053833,0.4745202977768379,9.351731085
-0.11990028619766235,0.6702461242675781,0.47226144197082437,9.382708305
0.21374332904815674,0.5521746873855591,0.48213822043134413,9.411690921
-0.2138417363166809,-0.06603163480758667,0.48404367268294896,9.442368442
0.5275343656539917,0.3917948603630066,0.4403109716681546,9.477564834
-0.2749844193458557,0.2460099458694458,0.4086808404471618,9.52107042
0.13421297073364258,-0.024870097637176514,0.4272636506337968,9.539222914
0.4063960909843445,0.40100187063217163,0.5420413820159445,9.567515434
-0.4888811707496643,-0.28692615032196045,0.487758882158169,9.592970196
0.699298620223999,-0.3330599069595337,0.4614305809077184,9.622574308
-0.3144104480743408,0.1328067183494568,0.43150124328399797,9.653057421
0.008842527866363525,0.11959010362625122,0.41758190586460014,9.682539301
-0.5004189014434814,0.14494729042053223,0.4097889478456764,9.71542954
0.12744009494781494,-0.146001935005188,0.4230027923568017,9.745792626
-0.16810160875320435,0.1601850390434265,0.43341019249256413,9.783087345
-0.18774473667144775,0.3663061261177063,0.5187105501996739,9.807806252
-0.04149371385574341,0.3457465171813965,0.45067590979066,9.833643017
-0.004159867763519287,0.4906407594680786,0.46307225961257664,9.861900533
0.0006806254386901855,0.13336825370788574,0.42863186329644704,9.907372746
-0.3710383176803589,0.1435973048210144,0.4297493293556576,9.926692391
0.5678621530532837,0.9392388463020325,0.461089392426989,9.952720734
-0.005146682262420654,0.10744386911392212,0.41819893951471104,9.986065893
0.17309236526489258,0.055811405181884766,0.40076413417102624,10.017799856
0.6275486946105957,0.13298499584197998,0.4154435173703897,10.042315659
-0.13175785541534424,-0.10098928213119507,0.3865589035052254,10.072823662
-0.0125388503074646,0.4965361952781677,0.40729546981717235,10.101862134
-0.24338436126708984,0.2636117935180664,0.4215219708615238,10.133310993
-0.04702883958816528,0.06504184007644653,0.4269622563398864,10.161376173
0.26814329624176025,1.0545625686645508,0.44587863906116143,10.192328848
-0.4938707947731018,0.22000479698181152,0.3756165305631321,10.225217343
0.6088735461235046,-0.3328402638435364,0.4576228609532515,10.251545082
-0.11117613315582275,-0.0891721248626709,0.40603056787329866,10.288729748
0.748335599899292,0.450744092464447,0.38379291254306935,10.311487507
0.043714702129364014,0.13189542293548584,0.4050856358765967,10.340547106
0.7722539305686951,0.07483422756195068,0.4252459143094348,10.371521089
-0.43360501527786255,0.050619304180145264,0.424728444460062,10.401816806
-0.4073835015296936,-0.026391685009002686,0.40002706426672674,10.434091913
0.6699066162109375,-0.4220173954963684,0.3596122801587586,10.465227426
-0.28880882263183594,0.7504333257675171,0.3776462776836701,10.491742694
-0.11748802661895752,-0.26113539934158325,0.3466130362374372,10.522046666
0.24008053541183472,-0.31969356536865234,0.37758560963522925,10.550003386
-0.6063554286956787,0.1541287899017334,0.40573600557805034,10.579982106
0.4413827657699585,0.2039511799812317,0.42176889374034054,10.610109376
-0.0942031741142273,-0.0509607195854187,0.4304330358679572,10.640851152
-0.25891613960266113,-0.0562019944190979,0.4232354425302181,10.673340097
-0.25979185104370117,0.07153433561325073,0.4195857497474547,10.703883808
-0.06449031829833984,0.36879879236221313,0.4664234212262999,10.730741905
-0.09884089231491089,0.5707943439483643,0.39733738149083786,10.759848432
0.10763603448867798,0.444827139377594,0.3827695834772072,10.789796527
-0.05264592170715332,-0.06577938795089722,0.3496239952871021,10.820399308
-0.13573789596557617,0.05306887626647949,0.37339003646518293,10.850771154
0.17930543422698975,0.4462319016456604,0.4064530608478389,10.88291528
-0.36973702907562256,0.6301114559173584,0.39413960998677783,10.912739437
0.5913986563682556,0.7202876806259155,0.3922232711956773,10.944499825
-0.5688077807426453,-0.3263804316520691,0.48229872621583353,10.975963162
0.2937799096107483,0.3658965826034546,0.4501977674068449,10.999974792
0.06467932462692261,0.796393096446991,0.4085876296892895,11.02981688
0.1076391339302063,-0.1349480152130127,0.3949044602519263,11.060169287
0.6167953014373779,0.021555066108703613,0.39606112651463204,11.08931614
0.016056478023529053,0.30313748121261597,0.3759450132476953,11.121500974
-0.043229103088378906,-0.25744593143463135,0.36307507796073246,11.152055517
0.20381712913513184,0.3560587167739868,0.3791510162630352,11.185226604
-0.31043142080307007,0.08004754781723022,0.45974011147910965,11.210642389
-0.06677347421646118,-0.06704729795455933,0.4265210174522201,11.240351098
-0.3981844186782837,-0.4259756803512573,0.40824655762094614,11.269604875
0.1913905143737793,0.13991588354110718,0.4087987261761293,11.300184909
-0.19676291942596436,0.08978056907653809,0.41245721136298846,11.329832732
0.47397297620773315,-0.1776658296585083,0.410554766081986,11.361713616
-0.12800300121307373,-0.00810307264328003,0.40021738250932887,11.39383813
0.6869117021560669,1.0084842443466187,0.4240800711079121,11.425863337
-0.6629600524902344,0.10650289058685303,0.4571475255156289,11.460093819
0.1313818097114563,0.2961210608482361,0.45492657666730923,11.489627064
0.32385021448135376,0.6469983458518982,0.43653684625384676,11.52232724
-0.47722578048706055,0.044499099254608154,0.40288246029722324,11.552885831
0.43660688400268555,-0.32550787925720215,0.41887964208023304,11.585575728
0.3277618885040283,0.39530032873153687,0.4760208809497631,11.609821271
-0.18074309825897217,0.10796749591827393,0.4252394498167238,11.639770797
0.574445903301239,0.23227393627166748,0.4354889020924987,11.668884473
-0.23654961585998535,-0.4020596742630005,0.4209667463713061,11.699214674
0.3321506381034851,-0.0708041787147522,0.394094858116624,11.728754793
-0.3119979500770569,0.08897870779037476,0.39760985091738704,11.760855729
0.5374740958213806,-0.1879151463508606,0.4153637150553502,11.791783214
-0.19182413816452026,0.02228778600692749,0.4616339729166573,11.825257428
-0.15065616369247437,-0.329290509223938,0.39096347672112325,11.849286893
-0.21258169412612915,-0.35998064279556274,0.40061622972081207,11.879757308
0.21017634868621826,0.9004251956939697,0.4185186676971987,11.908912005
-0.2530723214149475,-0.11969953775405884,0.39740878253625395,11.940900034
-0.3590428829193115,0.014714241027832031,0.40093198119532336,11.968997861
0.29647552967071533,0.08325105905532837,0.4252765460839323,12.00217363
-0.04991614818572998,0.012570738792419434,0.4270204082401287,12.034566299
-0.032184600830078125,1.050545334815979,0.4614639856849101,12.063839677
-0.07170891761779785,-0.1655956506729126,0.37507662815965825,12.088502715
0.04602891206741333,-0.044253766536712646,0.37792576079296886,12.118921334
0.35295426845550537,0.5615779161453247,0.3710048914215075,12.148369426
-0.08667391538619995,0.45185983180999756,0.3514078833941004,12.178902613
0.026833832263946533,0.42786705493927,0.38575650794332833,12.208401667
0.15293091535568237,0.38885432481765747,0.44377094001397605,12.240549635
-0.5717358589172363,0.49118131399154663,0.4107015703569071,12.272850288
0.3623526096343994,-0.0416865348815918,0.4738409020334824,12.303475793
0.3350714445114136,0.2189902663230896,0.4272584990602843,12.327796648
0.07259231805801392,0.6209007501602173,0.39666695935783763,12.358721093
-0.5370013117790222,-0.14673954248428345,0.39572265285504643,12.387963357
0.7069607377052307,-0.05668473243713379,0.40645116693193484,12.418806424
-0.3463149070739746,0.266626238822937,0.3943082996954332,12.448597587
0.17470866441726685,0.2469315528869629,0.3602563838156097,12.482883217
0.07503920793533325,0.03574097156524658,0.3564684756360366,12.513087704
-0.18542397022247314,0.7614675760269165,0.4653910971063268,12.548712645
0.4518412947654724,0.40621519088745117,0.40972889800856804,12.584749794
-0.12323164939880371,0.39254945516586304,0.41823251464781364,12.598645395
0.2543172836303711,-0.045399010181427,0.4331238940395424,12.627864094
-0.056246817111968994,-0.08181774616241455,0.4473067285121647,12.658768053
0.4201011657714844,0.3333966135978699,0.4138238815343822,12.688174223
0.2911381721496582,0.04051065444946289,0.39673545063883686,12.723906279
-0.08003431558609009,0.040802836418151855,0.4068872286595263,12.752509513
-0.2811010479927063,-0.3227764964103699,0.4375148155632089,12.784433511
-0.44927358627319336,-0.2605052590370178,0.41345262943392225,12.808578865
0.138322114944458,0.3035234808921814,0.4155015755203814,12.838673353
-0.48149561882019043,0.0766904354095459,0.4248495925769977,12.867771835
0.173078715801239,-0.07332861423492432,0.40376377359035914,12.898841477
-0.4929924011230469,-0.5681225061416626,0.39996150263867486,12.942593724
-0.1705949306488037,0.4238243103027344,0.39136276899945327,12.962877946
0.16053873300552368,0.16245299577713013,0.38891921508903143,12.993032805
-0.20122700929641724,-0.33367401361465454,0.46744676242209315,13.024505623
0.3489035964012146,0.4096631407737732,0.42959689217783303,13.047083533
-0.38195979595184326,0.2633180618286133,0.435247368254934,13.077178795
-0.07721590995788574,-0.176083505153656,0.41160767960874783,13.107241015
0.46692776679992676,0.7607518434524536,0.4065354525683049,13.138160441
-0.041376709938049316,0.16539901494979858,0.3784257793518824,13.168737007
0.08019405603408813,0.16267549991607666,0.36912865860399235,13.202063052
-0.13848894834518433,0.3295692205429077,0.416705975233711,13.233146551
0.07377547025680542,0.40872782468795776,0.45303291381721905,13.262814652
0.187874436378479,0.9227326512336731,0.4425737121268433,13.286918119
-0.2255670428276062,0.10332262516021729,0.4351038677211403,13.317325526
0.4440327286720276,-0.09740549325942993,0.46230410174304426,13.346762425
-0.2837061285972595,0.5032427906990051,0.4452413487455316,13.3787982
0.6317882537841797,0.07732629776000977,0.3724536323267685,13.409059926
-0.3975227475166321,-0.30229514837265015,0.33951860942188683,13.441920074
0.6301547288894653,0.2411940097808838,0.44530456505261734,13.467758913
-0.22319257259368896,0.08927285671234131,0.38690731811529644,13.497574391
-0.07041943073272705,-0.022401034832000732,0.3872923815436638,13.526393273
0.32561248540878296,-0.1649962067604065,0.4154813925298469,13.556414141
0.16967689990997314,0.47990167140960693,0.43046754793121467,13.586292926
-0.2753094434738159,-0.4085027575492859,0.40243044749082074,13.617051531
0.08007025718688965,-0.4041673541069031,0.41397961707407743,13.647932183
0.2492547631263733,0.13721179962158203,0.3896103004169524,13.680813627
-0.1650611162185669,-0.1882249116897583,0.45730733514888044,13.706791395
0.015339136123657227,-0.35205310583114624,0.396921024799743,13.73741092
0.03950035572052002,0.4292498230934143,0.4093219080676007,13.765894405
0.42290055751800537,0.3654721975326538,0.42692634300397875,13.796248911
-0.33179712295532227,-0.23926550149917603,0.41779190583796444,13.826652193
-0.48880428075790405,-0.48481786251068115,0.4331826482841326,13.857028447
0.26985353231430054,0.016294777393341064,0.43939413754054785,13.888903825
-0.34404122829437256,0.6339351534843445,0.4130528172206566,13.922731584
0.5568862557411194,-0.40197569131851196,0.4748021722106468,13.946586767
-0.09101212024688721,-0.36721909046173096,0.41589758751741923,13.977139358
-0.1359196901321411,0.17644989490509033,0.4050612038614379,14.006577379
-0.19789624214172363,0.21284055709838867,0.37442889392170403,14.036424245
0.2865455746650696,0.22683769464492798,0.39523093673476767,14.0658619
-0.06592488288879395,0.16133475303649902,0.4147623072300124,14.0960206
-0.17037057876586914,-0.14244627952575684,0.37591170260952006,14.128687792
-0.20453816652297974,0.26742124557495117,0.40484743288123487,14.160798825
0.080990731716156,0.7337638139724731,0.49077572334239683,14.186335187
-0.19892817735671997,0.484083354473114,0.4165258471718191,14.216652088
-0.22703176736831665,-0.2220466136932373,0.4076058263187588,14.245485943
0.2789452075958252,0.24372106790542603,0.4364263398737467,14.275792974
0.03888648748397827,0.5361329317092896,0.4220036986372525,14.30605241
0.09337246417999268,0.44941967725753784,0.4347901828743083,14.3392647
0.6526618599891663,0.5538151860237122,0.41507976827202697,14.369040062
-0.13550996780395508,-0.30699777603149414,0.39046712570092346,14.402501184
-0.11013674736022949,0.3468977212905884,0.44019061724307335,14.435860452
-0.07333678007125854,0.18106520175933838,0.4071807506336598,14.465435048
-0.17404991388320923,0.05036354064941406,0.4208257870547001,14.496770875
0.34676849842071533,0.6864249110221863,0.3981578110069848,14.529651432
-0.19666099548339844,0.5271168351173401,0.40594471078301414,14.561839089
0.5249264240264893,0.33572888374328613,0.470713643916195,14.585356665
0.09373986721038818,0.22452139854431152,0.4211736791575837,14.616011807
-0.0685686469078064,0.2182767391204834,0.39650270638088864,14.648837729
0.5843486189842224,-0.02906334400177002,0.43021445748253184,14.67517925
0.24592846632003784,0.6271401643753052,0.4425153011310053,14.705131982
-0.16740840673446655,0.14952445030212402,0.39941893057338757,14.738040231
-0.30697101354599,-0.2648974061012268,0.3616251869356717,14.768333107
0.2844274044036865,-0.5942586660385132,0.4237597181871459,14.795891906
-0.44587910175323486,0.7100291848182678,0.40031341024759887,14.825654404
0.24780678749084473,0.7540345788002014,0.39200935262082776,14.854820928
-0.4954957962036133,0.23895525932312012,0.4406549417349921,14.884891333
0.3389900326728821,0.4160645008087158,0.46251378466182214,14.915919367
-0.2623673677444458,0.34979450702667236,0.4594393370737462,14.945722795
0.12354534864425659,-0.3900480270385742,0.43367673726795103,14.977355179
0.4656825661659241,-0.12415218353271484,0.3934879209679798,15.009278964
-0.04677307605743408,0.3605813980102539,0.41019325868180867,15.036331601
-0.029793918132781982,-0.007714271545410156,0.37470486413218795,15.065276359
-0.17760509252548218,0.04974949359893799,0.385153594280622,15.094497246
0.1931416392326355,-0.04565495252609253,0.40870810291602266,15.124482034
-0.008455455303192139,-0.16104048490524292,0.42855199450596054,15.154397704
0.3273395299911499,0.00709909200668335,0.4159004972932217,15.186210691
-0.17889517545700073,0.21812647581100464,0.3895118057249474,15.216886437
-0.31964677572250366,0.08743077516555786,0.3906706253469247,15.247757048
-0.28595447540283203,-0.5498982667922974,0.4350643982444091,15.275631608
0.04537135362625122,-0.12395286560058594,0.4478667406041746,15.304533114
-0.018114089965820312,1.0037803649902344,0.47822162652474665,15.33516684
0.2419588565826416,-0.045385539531707764,0.37350545788226247,15.364358468
-0.16776108741760254,-0.2724672555923462,0.41410801206369163,15.395431296
0.16764473915100098,0.3633716106414795,0.4152811050895464,15.426366613
-0.21521002054214478,0.21554619073867798,0.3654740852066885,15.457205548
-0.09059470891952515,0.7739413380622864,0.3815323892566502,15.488976574
-0.07831847667694092,0.1767357587814331,0.4806453216690798,15.525390318
-0.35944461822509766,0.07014590501785278,0.40669326529879957,15.556376157
0.2908303141593933,0.4548950791358948,0.40787203249906034,15.574002527
-0.12910503149032593,0.36426466703414917,0.4087766590373245,15.604270691
0.38168418407440186,0.7643786072731018,0.4065546116021632,15.639006315
0.13356059789657593,0.1903287172317505,0.4374541675536089,15.66444027
-0.1993415355682373,-0.20899105072021484,0.40360127966532244,15.695937329
0.4783082604408264,-0.06480884552001953,0.38106766729237,15.729149652
0.5604724884033203,0.8338378071784973,0.4784910697031021,15.754264091
-0.3576982617378235,0.23525702953338623,0.4059614670729328,15.783971222
-0.4888066053390503,-0.5418060421943665,0.4265759076664674,15.813862971
0.5185638666152954,-0.11120504140853882,0.4013487775264729,15.84363248
-0.19559937715530396,0.34696507453918457,0.3884104338048151,15.874136951
-0.1328139305114746,-0.15139251947402954,0.4025858493485175,15.905058612
-0.14149123430252075,0.07933765649795532,0.4235459411506508,15.940018721
-0.15291476249694824,-0.013487040996551514,0.41119513708184613,15.969216172
0.46023762226104736,-0.3013855218887329,0.48794489609977765,15.994771798
-0.17504972219467163,-0.04846864938735962,0.43041716341196373,16.024253394
0.24572360515594482,0.4554240107536316,0.40231232691026475,16.053739076
-0.012027502059936523,-0.12937724590301514,0.374595500570496,16.084037486
0.19008606672286987,0.07985758781433105,0.39822141946022444,16.113486072
0.12320542335510254,0.28365230560302734,0.41525410359085907,16.144270671
-0.288333535194397,0.035753071308135986,0.36636294382267315,16.176598016
-0.45371347665786743,-0.7868549227714539,0.40784700515324757,16.208175752
0.35116684436798096,0.2727777361869812,0.47246294394427546,16.239426464
-0.3569045662879944,0.3771359920501709,0.42946504834819205,16.263211678
-0.5317589044570923,-0.36055809259414673,0.4417565499047092,16.292864112
0.10782265663146973,-0.11037838459014893,0.44547128456282764,16.323852677
-0.18403899669647217,-0.12729722261428833,0.43031261923352987,16.353517011
-0.08980977535247803,0.23927974700927734,0.42098462182657925,16.386279722
-0.03680920600891113,-0.06685644388198853,0.3727547962933174,16.418614081
0.029681622982025146,-0.02607715129852295,0.43070462134882953,16.443465696
-0.03175121545791626,0.35686200857162476,0.3863079461670825,16.473318795
-0.07661473751068115,0.39075756072998047,0.3808199796364518,16.502835006
-0.05003821849822998,-0.027383029460906982,0.42176888072728563,16.53410096
0.21864324808120728,0.705860435962677,0.44523918535820706,16.562683837
-0.5437105298042297,0.23269104957580566,0.4038356871774787,16.592859775
0.19723594188690186,-0.02913719415664673,0.40341917357835627,16.625532415
0.23512256145477295,0.3807770609855652,0.391773390350397,16.655859377
0.22465163469314575,0.5910579562187195,0.4342463044501787,16.687767745
-0.2898654341697693,0.6441247463226318,0.41806284119049464,16.71271763
0.369748055934906,-0.26344650983810425,0.4480489109522431,16.742619423
0.07055360078811646,0.030945897102355957,0.433779691185651,16.773029893
0.03474748134613037,0.8115843534469604,0.41434495396105936,16.802605664
0.28629767894744873,-0.19634300470352173,0.4048155657474041,16.836276442
-0.1549926996231079,-0.04456031322479248,0.40319719955236183,16.865284738
0.2697908878326416,0.23712623119354248,0.37090660871924197,16.896720354
-0.464877724647522,-0.3654785752296448,0.4331639482447459,16.92837594
0.18937939405441284,0.19275814294815063,0.41559251764522337,16.953393215
-0.1775791049003601,0.14911121129989624,0.4278045901131767,16.983348204
-0.42123961448669434,-0.1721239686012268,0.41254555233374335,17.012282145
0.36605387926101685,-0.28596198558807373,0.44148856157849276,17.042282936
-0.23941177129745483,-0.18481415510177612,0.42848333106091807,17.072830972
0.21278876066207886,0.5435734391212463,0.40993187080672955,17.104669794
-0.2932063341140747,0.04439467191696167,0.3991514256402391,17.137197636
0.2058783769607544,-0.3831214904785156,0.4439196001373994,17.16312328
-0.3402021527290344,-0.008276879787445068,0.3838844449109148,17.192048641
0.2137168049812317,0.6215364336967468,0.3548561855539136,17.222327676
-0.6093112826347351,-0.5057982802391052,0.3817600692374699,17.252379691
-0.12588351964950562,0.3328261375427246,0.4133652665334561,17.283546999
-0.1440303921699524,-0.30908429622650146,0.4061265679693215,17.313386457
-0.03909057378768921,-0.09485256671905518,0.4210593332704169,17.344793218
0.03747028112411499,0.20360112190246582,0.4302568937214181,17.378368757
-0.2704622745513916,0.04548245668411255,0.5013308454664684,17.402921965
0.18776661157608032,-0.02428758144378662,0.4179418880318065,17.433557683
-0.05044353008270264,0.21531730890274048,0.3969812597874703,17.461920839
0.05798238515853882,0.4574940800666809,0.37486354835207153,17.491726117
-0.11381018161773682,0.20165705680847168,0.3783590361103274,17.522600301
-0.039456725120544434,0.13627249002456665,0.3944664643484063,17.552298592
0.0586891770362854,0.23869729042053223,0.36173971076805933,17.585883764
0.17608803510665894,0.8243839740753174,0.3832027812936916,17.616089678
0.11695700883865356,0.6224514245986938,0.4460050134998005,17.642953547
-0.1335442066192627,-0.3193802237510681,0.4101700453774918,17.672652889
-0.20919251441955566,0.26518046855926514,0.4057652238057809,17.70190841
0.3284412622451782,0.3748862147331238,0.39247888979873446,17.733268388
-0.5031556487083435,-0.12384474277496338,0.40130782469836734,17.762580701
0.882420539855957,0.8610628247261047,0.4387182326852737,17.793620307
-0.37736910581588745,-0.01578354835510254,0.38331690242909455,17.826868889
0.23513942956924438,-0.6027091145515442,0.4039109509951182,17.86177919
0.3280577063560486,-0.06841212511062622,0.4596716658129482,17.887748455
-0.1396998167037964,0.43039506673812866,0.41869387171402783,17.911999974
0.10398846864700317,-0.017255544662475586,0.3921454109675511,17.941807467
-0.45050370693206787,-0.6238192915916443,0.3876289724205314,17.972463679
-0.38266658782958984,-0.2861596941947937,0.3932086996745595,18.001875858
0.14130079746246338,0.6211641430854797,0.3959701198092154,18.033679993
-0.16618388891220093,-0.14892303943634033,0.37510991191874427,18.064680328
0.020690083503723145,0.00436711311340332,0.4564423658347312,18.091702519
0.04902392625808716,-0.13761073350906372,0.4289709789556349,18.122567065
0.12526947259902954,-0.03349822759628296,0.4270118356866306,18.150380019
-0.3794158101081848,0.5452004075050354,0.44036268675793055,18.181171254
0.5116059184074402,0.47379493713378906,0.44763910156990094,18.210854929
-0.3204845190048218,0.3395261764526367,0.43281607519156984,18.241956486
-0.5398623943328857,-0.2909916043281555,0.4186091703979366,18.274174393
0.4215567708015442,0.2998539209365845,0.3801783702148054,18.304837533
0.13831323385238647,0.8953726887702942,0.4137486141573153,18.337455226
0.2278919816017151,0.41206085681915283,0.3609027456964403,18.360541026
-0.07859903573989868,-0.32934242486953735,0.3684200700897198,18.390273113
0.033492863178253174,0.8916614651679993,0.4138820278971049,18.42089576
-0.14946353435516357,0.13469547033309937,0.4227111207456471,18.450148594
-0.2133437991142273,-0.27708899974823,0.4203560847619749,18.482464629
0.1442563533782959,0.6078082323074341,0.41307109747716964,18.512185945
0.008527278900146484,0.2371576428413391,0.36316879829644705,18.544408525
-0.16090023517608643,0.6636142134666443,0.43735441287089766,18.577476591
0.2100306749343872,0.26677143573760986,0.4152434379069075,18.600627135
0.2504066228866577,0.48564422130584717,0.38249627264411107,18.626178891
0.2037469744682312,-0.10923993587493896,0.4453491078421473,18.660530964
0.3306264281272888,0.4616500735282898,0.42958908688518627,18.690333778
0.19383054971694946,0.4790334105491638,0.4153566565442334,18.725294384
-0.3990122079849243,-0.06596523523330688,0.37675280156798674,18.753460668
0.3706517219543457,0.13483953475952148,0.3629277851479515,18.786224386
-0.3331186771392822,0.011617004871368408,0.44440205572358177,18.810895803
0.1888878345489502,0.29719793796539307,0.4231858692936377,18.840359992
-0.18989932537078857,0.17673653364181519,0.42606998839549837,18.869809817
-0.06334567070007324,-0.47835707664489746,0.4388441617931391,18.899884407
0.3710257411003113,-0.05300992727279663,0.4518234006373045,18.929667362
-0.15209895372390747,0.2789037823677063,0.4234260011980753,18.961083103
-0.280744731426239,-0.42610031366348267,0.37592024636298554,18.992521484
0.3815991282463074,0.041590750217437744,0.3827362305501011,19.025401803
-0.4229734539985657,0.029529690742492676,0.4064083676625734,19.050408139
-0.15364646911621094,-0.3648921847343445,0.36659324379274727,19.080187217
-0.028480112552642822,0.061815083026885986,0.40601142384631866,19.109665123
0.09209573268890381,0.7064251899719238,0.41955062452482417,19.140026484
-0.577801525592804,-0.2005407214164734,0.42932792082768767,19.169657413
0.3199758529663086,-0.6021016836166382,0.4676977314149454,19.202814773
-0.4256376028060913,0.3841116428375244,0.42324491860639185,19.234382413
-0.016109466552734375,1.0414109230041504,0.453069305799289,19.265504832
0.024994611740112305,-0.22294718027114868,0.4514128060619156,19.289809641
0.3554280400276184,0.08367443084716797,0.42122786114840954,19.321840033
0.23817449808120728,0.38224416971206665,0.3964915878377643,19.348808229
-0.292563796043396,0.204342782497406,0.3608918767793115,19.379855755
0.19964885711669922,0.9580566883087158,0.3808491436939856,19.409261405
-0.398173451423645,0.09691780805587769,0.3889044910014154,19.441385812
0.24647140502929688,-0.027592718601226807,0.3944920590426264,19.47473036
-0.24575364589691162,0.562904417514801,0.46736481869959845,19.505013725
0.13583534955978394,0.19932419061660767,0.432114096102269,19.52972712
0.3840214014053345,0.38296276330947876,0.413177954439037,19.559914634
-0.14187783002853394,0.09306591749191284,0.40451135540660965,19.589006731
0.2411983609199524,-0.006207704544067383,0.3952334555644323,19.619677157
0.02533954381942749,0.8332761526107788,0.42397584678473893,19.653244292
0.036747872829437256,0.2750813961029053,0.400066887277248,19.68312926
-0.02479112148284912,-0.11506378650665283,0.35321820767519413,19.713408593
0.10911571979522705,0.5614857077598572,0.451835361740156,19.744416609
0.21126437187194824,0.27598297595977783,0.39519910220257326,19.768858064
-0.027901768684387207,0.27604883909225464,0.3817315969170405,19.799500498
0.059136927127838135,0.08572733402252197,0.40340607836963166,19.828673416
-0.151242196559906,-0.03240126371383667,0.4321674234704834,19.859388784
-0.2560672163963318,0.5948202013969421,0.4277572554214141,19.888771449
0.1254217028617859,-0.16447222232818604,0.4237887605986959,19.922065506
0.1152646541595459,-0.029751062393188477,0.38390834618077946,19.952861462
-0.053483784198760986,-0.041762471199035645,0.48961435479963783,19.984044083
-0.0372883677482605,-0.3500864505767822,0.39550403081544583,20.008730036
-0.1418013572692871,0.18953227996826172,0.41520257124815035,20.039120321
-0.03702312707901001,0.1479770541191101,0.4078853506136352,20.068762367
-0.3720881938934326,0.024170517921447754,0.39064655741628607,20.099640801
-0.3479490876197815,-0.8032664656639099,0.3857644842271032,20.129825321
-0.0459747314453125,0.21619248390197754,0.391852027291359,20.16243311
0.021839022636413574,0.3778061270713806,0.37478924431669913,20.195112206
-0.8015328645706177,0.0053139328956604,0.47218073534985083,20.225184881
0.6162535548210144,0.3791605830192566,0.4440672811101581,20.247939346
-0.3279964327812195,0.14366847276687622,0.45232050840628846,20.279109207
0.12853366136550903,0.27386319637298584,0.4334035965504529,20.308299539
-0.13552474975585938,0.177168071269989,0.420304145297973,20.338705392
-0.13660520315170288,0.32878321409225464,0.39027583474232386,20.368573721
0.12524396181106567,0.6564165353775024,0.32753854950454514,20.40155065
-0.32886600494384766,0.08424854278564453,0.33814651061399664,20.433905065
-0.07226508855819702,0.2173691987991333,0.44167715847742905,20.464047122
-0.19522082805633545,0.7495624423027039,0.41534724442030474,20.48809162
0.22014546394348145,0.4585416316986084,0.40560501293510476,20.518735973
0.11702054738998413,0.16558837890625,0.45248181020316763,20.54758848
-0.21452707052230835,0.13043439388275146,0.4440826920340751,20.579133934
0.48306769132614136,0.10140132904052734,0.4111825838004476,20.609164692
-0.8125174641609192,0.526028037071228,0.36578335617588636,20.642433886
-0.1170913577079773,-0.14881503582000732,0.3813085029523233,20.674020461
-0.2113475203514099,0.4363365173339844,0.45750465652464617,20.707764081
0.1721731424331665,0.8573783040046692,0.39016245567746344,20.739307092
0.10737389326095581,-0.1225629448890686,0.43082591388050406,20.769210353
-0.37569838762283325,0.37544864416122437,0.3976650027398849,20.802547893
0.19509989023208618,0.3595300316810608,0.4524675213196329,20.827980867
-0.4458848237991333,-0.2719493508338928,0.4041406155855119,20.86514036
0.7314942479133606,0.3218686580657959,0.4390005273014628,20.887388655
-0.3074297308921814,0.7016003131866455,0.4134242475432705,20.917904789
-0.31956666707992554,0.42304205894470215,0.4034893520755551,20.946825815
1.1921179294586182,0.16708612442016602,0.3971648408620197,20.977155081
-0.35053718090057373,0.005698740482330322,0.3762636029273767,21.008534176
-0.03302735090255737,0.08728092908859253,0.3458946344665326,21.041295397
0.0673990249633789,0.8308978080749512,0.45749482129457286,21.067835098
-0.11664026975631714,0.48930788040161133,0.4195040540987704,21.102548358
0.09506475925445557,0.1459771990776062,0.42249136927502495,21.126908553
0.3649964928627014,-0.4350433349609375,0.4285091415595757,21.15700819
-0.021346449851989746,0.21904629468917847,0.4409988254378637,21.187019629
0.04438596963882446,0.9947948455810547,0.4396172029917337,21.218646048
-0.24364417791366577,-0.4135148525238037,0.4190041080364503,21.249294797
0.12202721834182739,-0.219898521900177,0.38995130285345475,21.283359331
0.10651308298110962,0.17508023977279663,0.4881997994575977,21.317775764
-0.6383104920387268,-0.09101879596710205,0.4193763361849123,21.336941956
0.41978204250335693,0.14634990692138672,0.41996149578415504,21.367507805
-0.6902344822883606,-0.30674147605895996,0.3971429200883769,21.396433239
-0.2073819637298584,-0.36464250087738037,0.38393739772143026,21.426245085
-0.317690908908844,0.055782318115234375,0.3876002435258657,21.457103417
0.02546793222427368,-0.10298949480056763,0.39008327195239795,21.488236183
-0.2430574893951416,0.7414023876190186,0.3795600915999754,21.523174193
-0.3774392008781433,-0.2813591957092285,0.4185448504491682,21.561403022
0.03550601005554199,-0.22690433263778687,0.44170625549401366,21.586391949
0.0012580156326293945,0.5429031252861023,0.41754456745413765,21.608151191
0.4095420837402344,0.6201623678207397,0.41988028483615675,21.637088396
0.11057603359222412,0.311886191368103,0.44277621554726065,21.666699665
-0.20568901300430298,-0.19556868076324463,0.4499811201922706,21.697107548
0.25710272789001465,0.3653329014778137,0.38144806125586744,21.730263589
-0.03751087188720703,0.5420576333999634,0.35704801743091835,21.762068357
0.01263362169265747,0.24443930387496948,0.44842302178614407,21.796292461
-0.16459918022155762,-0.09202408790588379,0.400242051743595,21.826685884
-0.0739593505859375,0.5631044507026672,0.40525583993675307,21.857406974
-0.1049494743347168,0.3957136869430542,0.4072371154416083,21.889947733
-0.06606554985046387,-0.13937324285507202,0.40825557287245734,21.922480578
-0.07845711708068848,0.47853779792785645,0.4616651333988325,21.956221675
0.06221860647201538,-0.07626593112945557,0.4241378419643272,21.986898106
0.2996309995651245,0.10110753774642944,0.44000514563724097,22.017823249
0.2394198179244995,0.23700422048568726,0.39026051907165904,22.04890635
-0.08391666412353516,-0.45451509952545166,0.38127452969484604,22.083181409
0.5219720005989075,0.6976240873336792,0.46244586660200754,22.116522489
-0.022993028163909912,0.5420607328414917,0.38408421257507547,22.145410705
-0.3083844780921936,-0.28487735986709595,0.39756524063786963,22.178897208
0.4068204164505005,-0.05524057149887085,0.3821066174006541,22.209015016
-0.7365729808807373,0.26364439725875854,0.3800108760842231,22.24234104
-0.015980124473571777,0.0555495023727417,0.3976399409295171,22.266283063
0.03326761722564697,0.24027973413467407,0.39869437283871134,22.295434577
-0.27742427587509155,0.1754896640777588,0.4020258806314822,22.322302547
0.12911397218704224,1.0012097358703613,0.43533715542005874,22.346359437
-0.3942268490791321,-0.1937810182571411,0.41122399456114644,22.375389146
0.0034589767456054688,-0.19491511583328247,0.4215304963062675,22.405284978
0.007925450801849365,0.6106307506561279,0.4278889870769127,22.436587712
0.0704503059387207,0.4232274889945984,0.39621273907083626,22.465798451
-0.225180983543396,0.6774436235427856,0.3768696542307394,22.49871298
-0.13436907529830933,-0.06745588779449463,0.37714903170764286,22.533506771
0.14279180765151978,0.22283095121383667,0.4419021168485556,22.555899412
0.06178176403045654,0.240950345993042,0.41635074116955534,22.602881918
0.68766188621521,0.7652981877326965,0.4479500120299949,22.615884288
0.06046891212463379,0.4546152353286743,0.4463739380523433,22.644993634
-0.3236898183822632,-0.04735255241394043,0.43100261837946435,22.674905691
0.672432541847229,-0.44764721393585205,0.4206141412046419,22.705010388
0.26275181770324707,0.4824599623680115,0.42343062135256415,22.738452798
0.010339558124542236,0.41461795568466187,0.3505730720992784,22.769115145
0.018640518188476562,-0.17262035608291626,0.4076122043786367,22.797477024
-0.31082260608673096,-0.530954897403717,0.3913205569239097,22.825145692
0.5203826427459717,0.4163716435432434,0.39312568755144756,22.85480013
-0.3244020342826843,0.2568584680557251,0.37601043463013173,22.885162334
-0.18277209997177124,-0.421836793422699,0.4120165323121718,22.915219737
0.1722242832183838,-0.045581698417663574,0.4475232695418535,22.945395959
-0.4816438555717468,0.274774968624115,0.435495571033198,22.978903838
0.3931856155395508,-0.4622758626937866,0.42871519928480106,23.00921077
0.010392427444458008,0.4584590196609497,0.4887006719916777,23.036580128
-0.03831213712692261,-0.015597343444824219,0.39554394703239504,23.064728899
-0.43749141693115234,-0.09666168689727783,0.3892791293411728,23.094948371
0.07356065511703491,-0.12237560749053955,0.39544391170689647,23.125030389
-0.03845757246017456,0.2946932911872864,0.4327385788913183,23.154693047
-0.057605743408203125,0.08332705497741699,0.41998269748557443,23.186028627
-0.5170001983642578,-0.2916930317878723,0.38622693615888953,23.217076939
0.34767740964889526,0.006840884685516357,0.4165919157375335,23.248290956
-0.040491342544555664,0.14497053623199463,0.500754812848142,23.275483758
-0.7104602456092834,-0.2665620446205139,0.4223789637794747,23.304691486
0.4505234956741333,-0.03739243745803833,0.422240364382414,23.334317969
-0.3275410532951355,0.4287298917770386,0.41315472217859145,23.364525243
0.23075371980667114,0.06033134460449219,0.38220842018132384,23.394798378
-0.003246307373046875,0.2742576599121094,0.37794780838041464,23.427032983
-0.019467651844024658,0.323342502117157,0.3808721631442327,23.457201639
-0.04178088903427124,0.16576451063156128,0.38294727372219217,23.489575775
-0.018973886966705322,0.4974445104598999,0.48998473666640635,23.51507744
0.04394352436065674,0.39171332120895386,0.4522545760957564,23.543874897
-0.3796877861022949,0.725928008556366,0.453401207064864,23.573989707
0.05770915746688843,-0.05403268337249756,0.4269282633279392,23.604040795
0.25769299268722534,0.19481855630874634,0.43577576859869027,23.634064346
0.5007744431495667,0.990056037902832,0.43782743146654546,23.664610695
-0.15404760837554932,0.22814488410949707,0.38380443184948504,23.696237838
0.09061264991760254,0.08682906627655029,0.4063457136746022,23.729178918
-0.05907559394836426,0.008616089820861816,0.4875884182866837,23.75429722
0.03225839138031006,0.18480241298675537,0.43537893320958027,23.783936461
-0.3590530753135681,0.602308988571167,0.4173135530200409,23.813772021
0.2215052843093872,-0.3330821990966797,0.37326619318056686,23.843629589
-0.47021591663360596,-0.4285306930541992,0.3641902661288358,23.87661849
0.0927048921585083,0.5150890350341797,0.37228720427850714,23.905334014
-0.24551767110824585,-0.23667943477630615,0.36508238293054585,23.939429254
0.2457890510559082,0.3123762607574463,0.42519124687077603,23.969595475
-0.534444272518158,-0.13907986879348755,0.46552855584487024,23.994203661
0.15123438835144043,-0.3234069347381592,0.4280380584223193,24.023858958
-0.036433637142181396,-0.2930879592895508,0.4278237304986542,24.05326429
0.09381282329559326,1.040587306022644,0.38872831543350433,24.084301326
-0.1761610507965088,-0.33151543140411377,0.36534681278393016,24.11354324
-0.5917110443115234,-0.49409377574920654,0.4045727386553118,24.144673751
0.30250418186187744,0.0994148850440979,0.38608472120769305,24.177188992
-0.36316418647766113,0.5584495067596436,0.4522886761298861,24.203710414
0.17349278926849365,-0.07893127202987671,0.41603565198589676,24.235028047
0.08911436796188354,0.3215984106063843,0.43391089489891976,24.263174453
-0.512807309627533,0.07859772443771362,0.43148053857800794,24.293099686
0.5708455443382263,0.3705283999443054,0.426716318377634,24.324357903
-0.15021216869354248,0.7386056780815125,0.42681227052224496,24.353352264
0.14947497844696045,-0.2036324143409729,0.4049791754508875,24.386258381
0.05073505640029907,-0.0013548731803894043,0.3555715113977842,24.418233598
0.2687772512435913,0.24151486158370972,0.4097550440948158,24.443738539
0.1378006935119629,0.38011544942855835,0.4153508419472741,24.473901625
0.14076495170593262,0.5106444954872131,0.4155114966784403,24.502976408
-0.06903344392776489,-0.0001016855239868164,0.40666840512181845,24.533908287
-0.1195802092552185,0.1648007035255432,0.421800968564942,24.565861827
0.3394768238067627,0.6522601246833801,0.4385122250154954,24.592739651
-0.6790783405303955,0.4626036286354065,0.4021908774519644,24.626205341
0.4216153025627136,0.2803989052772522,0.3847189888278154,24.656943929
-0.1195915937423706,-0.24285060167312622,0.4676264444673457,24.68810319
0.2729494571685791,0.43399083614349365,0.3971939923753805,24.712770353
0.226642906665802,0.4156222343444824,0.3777339567673247,24.742336116
-0.2841118574142456,-0.18030649423599243,0.3958627725913371,24.772865234
0.362909197807312,0.4799689054489136,0.38061474524485056,24.803585178
-0.329095721244812,0.09137958288192749,0.40186529545524313,24.834803755
-0.29412227869033813,-0.2961761951446533,0.4030781687573685,24.865471439
0.21281105279922485,0.5138288140296936,0.3812692978590071,24.898999291
-0.054376304149627686,0.12245941162109375,0.48065620870313863,24.928049404
0.022890090942382812,-0.39282846450805664,0.42783808763734216,24.952168525
-0.0032408833503723145,-0.32208251953125,0.43690117839714343,24.983551011
0.4693981409072876,0.270968496799469,0.4386106949428553,25.012461661
-0.3506951928138733,0.48533326387405396,0.4178149930331769,25.042138163
0.28995370864868164,-0.41111838817596436,0.39201795856915256,25.073311928
-0.160986065864563,-0.10876131057739258,0.3780796411425353,25.104842717
-0.2965490221977234,0.3803163766860962,0.35847790977859806,25.13860896
-0.10163980722427368,-0.11271083354949951,0.36908576806200605,25.163751293
-0.1553250551223755,0.19745349884033203,0.3731011747776018,25.194917068
0.1331053376197815,0.264365017414093,0.41922803882546844,25.223691621
-0.45928508043289185,0.04992467164993286,0.40821951049136923,25.252139555
-0.3153266906738281,0.4417497515678406,0.41261256190803475,25.283762453
0.19063293933868408,0.4555705785751343,0.42890441231328424,25.314823554
-0.04656970500946045,0.6902658343315125,0.3963793866868573,25.345269804
0.3161884546279907,0.28908199071884155,0.4317591807101051,25.379045176
0.38191163539886475,-0.2619497776031494,0.44958976642781934,25.402749008
0.1315961480140686,0.5873514413833618,0.353295731280226,25.433642628
0.3276492953300476,0.5373098254203796,0.34614442852470356,25.462154176
0.04306662082672119,0.584795355796814,0.3657354474060806,25.491840841
0.3614981770515442,-0.1094786524772644,0.3842388718996463,25.522500888
-0.28328657150268555,0.25834983587265015,0.40216836971982567,25.553273681
-0.23830538988113403,0.5062955617904663,0.3980230668463612,25.586353652
-0.22216558456420898,-0.10662823915481567,0.4455490879547147,25.616895919
0.5694455504417419,0.38737809658050537,0.4744746523211979,25.642756895
-0.283438503742218,0.5493192672729492,0.44523755698730855,25.673016352
0.791567325592041,0.245641827583313,0.49363504652238355,25.701496929
0.015307605266571045,0.20239782333374023,0.4582973310980096,25.733520791
0.39789122343063354,-0.1531168818473816,0.4127404345531271,25.762277741
0.45262211561203003,-0.27557510137557983,0.34308465302797236,25.793508197
0.2605283856391907,0.4718016982078552,0.31864998230163344,25.826601795
-0.3435547351837158,0.2783810496330261,0.4019945935006915,25.851880443
0.5425218343734741,-0.007025480270385742,0.3830619000903517,25.880956181
-0.07164168357849121,-0.3631328344345093,0.4112004797665884,25.911451663
0.0753297209739685,0.2522194981575012,0.4163179532204517,25.941024378
-0.4146249294281006,0.3761608600616455,0.3908907516080681,25.97191868
0.4326978921890259,-0.29327189922332764,0.4041480099259153,26.001711654
-0.29336559772491455,-0.2391340136528015,0.41915921984742893,26.034292084
-0.07632273435592651,-0.24348074197769165,0.40436005339568093,26.064550105
0.04955226182937622,-0.12719857692718506,0.4264007659159191,26.091756977
-0.13119834661483765,0.7456933259963989,0.43832312092916403,26.12185906
0.05605041980743408,-0.1661754846572876,0.40918007495083486,26.150754088
-0.04930013418197632,0.1906214952468872,0.4051283145708655,26.181526911
0.3104436993598938,0.37817978858947754,0.4078035669643931,26.211661239
-0.2848437428474426,-0.05190998315811157,0.40742815700515295,26.242774166
-0.21947282552719116,0.8513104319572449,0.39919095875378713,26.273919285
-0.15604108572006226,-0.02235633134841919,0.37684503553282966,26.305634114
-0.07211101055145264,0.058020174503326416,0.47242823312159754,26.331327126
0.2014240026473999,0.7434314489364624,0.4567500387097318,26.360449933
0.13551920652389526,0.7253291606903076,0.42295009814260803,26.391187418
0.8091921210289001,0.32886767387390137,0.44907789085288036,26.421028559
0.26578056812286377,-0.042701780796051025,0.4418323846637213,26.450151038
-0.05928051471710205,0.1642799973487854,0.3852149080173255,26.48268127
0.4304831624031067,0.2800179719924927,0.3597004594331889,26.513621659
0.022566795349121094,0.06140768527984619,0.3577225162833311,26.544477165
-0.11589229106903076,0.5560688376426697,0.4319250540528132,26.57768784
-0.6736093759536743,-0.11076349020004272,0.38553390251696285,26.600504806
0.5469631552696228,-0.019256770610809326,0.397629341636823,26.63152671
-0.4920559525489807,0.34473657608032227,0.4197455295195815,26.660288491
0.4134618043899536,0.036756694316864014,0.43080380537531077,26.690068008
-0.2674437165260315,-0.1620655655860901,0.4403552289523316,26.723259337
-0.07024955749511719,0.519852876663208,0.42034618711943605,26.753555424
0.3694543242454529,0.42065781354904175,0.4081372828615736,26.786562365
-0.2213868498802185,0.15425103902816772,0.43496825627687546,26.821379649
0.6476812958717346,0.5809928774833679,0.3741679890124713,26.849816909
0.11084836721420288,0.5891973376274109,0.35558360957462737,26.883549063
-0.30792897939682007,0.3335925340652466,0.3414024474183124,26.913451712
0.22087454795837402,0.0720365047454834,0.41424734123419193,26.945286267
0.1465926170349121,0.5316863059997559,0.4424554577294531,26.980489796
-0.5334627032279968,0.21045011281967163,0.4097962288419522,27.010110445
0.1515325903892517,-0.6273184418678284,0.42311410081323314,27.042580572
0.08796942234039307,0.7076326608657837,0.4292996910351494,27.074650116
-0.11035454273223877,1.1100386381149292,0.4573494632081934,27.10517994
0.2918253540992737,0.02844935655593872,0.46259807551428844,27.129840577
0.23448693752288818,-0.025109291076660156,0.3954625769329432,27.160109946
0.3804231882095337,0.6003135442733765,0.39524387159159097,27.189226823
-0.6369867324829102,0.42420971393585205,0.35873070328360457,27.219849491
0.14851880073547363,0.7173433303833008,0.3888408631809256,27.249345773
-0.12340879440307617,0.21480220556259155,0.39433529279655183,27.282853511
-0.2820720076560974,-0.06572836637496948,0.37187659321661004,27.312903647
0.0960189700126648,0.5572890639305115,0.48429721557533745,27.344363215
0.03920173645019531,0.12881016731262207,0.46231916829522346,27.369912177
0.42709851264953613,0.20909523963928223,0.4565269855098468,27.40031994
0.023001432418823242,-0.26969200372695923,0.4605103093824405,27.429364395
